Name,Slug,Collection ID,Locale ID,Item ID,Created On,Updated On,Published On,Main Image,Main Body Text,Header,Header Text,Second Image,Label 1,Label 2,Label 3,Para 1,Para 2,Para 3,Para 4,ColourHeader,text colour
Canadian Citizenship,canadian-citizenship,678ac5eeb7228a1983bb105b,6731853a717a6e7dbc671f5c,678b224226d9a31ac98250ee,Sat Jan 18 2025 03:38:42 GMT+0000 (Coordinated Universal Time),Tue Jan 21 2025 00:52:39 GMT+0000 (Coordinated Universal Time),Tue Jan 21 2025 01:20:16 GMT+0000 (Coordinated Universal Time),https://cdn.prod.website-files.com/6731853a717a6e7dbc671f64/678b25a8aaf08b1557679d26_ai-generated-9030608_1280.jpg,"<p id=""""><strong id="""">Citizenship Applications: </strong>To become a Canadian citizen, you must, be a permanent resident, have lived in Canada for 3 out of the last 5 years, have filed your taxes, if you need to, prove your language skills, pass a citizenship test, take the oath of citizenship</p><p id=""""><strong id="""">Citizenship Refusals: </strong>A Citizenship Application can be refused for many reasons including:</p><ul id=""""><li id="""">&nbsp;Incomplete Documentation:</li><li id="""">Residency Requirements</li><li id="""">Language Proficiency&nbsp;</li><li id="""">Criminality</li><li id="""">Financial Reasons</li><li id="""">Misrepresentation.</li></ul><p id=""""><strong id="""">Citizenship Certificate: </strong>A Canadian citizenship certificate is a document that proves that a person is a Canadian citizen. The citizenship certificate is an 8½ x 11 paper size certificate that contains, your certificate number, your Unique Client Identifier, your name, your date of birth, your gender, your effective date of Canadian citizenship</p><p id="""">Before February 1, 2012, IRCC issued plastic wallet sized citizenship cards as proof of citizenship. These cards came with commemorative certificates. The commemorative certificates cannot be used as proof of citizenship.</p><p id="""">‍</p>",Canadian Citizenship,"Achieving Canadian citizenship is a meaningful milestone that unlocks numerous opportunities and benefits, signifying your full integration into Canadian society. It represents the final step in your journey from permanent residency to becoming a proud Canadian.",https://cdn.prod.website-files.com/6731853a717a6e7dbc671f64/678b252e1cb2523de6d8de80_Canada%20Immigration.jpg,What is Canadian Citizenship?,Benefits of Program,Who can benefit?,Canadian citizenship is a legal status conferred on individuals who have fulfilled all eligibility criteria and have been officially recognized as citizens of Canada. ,"Protection and Security, Access to Federal Jobs, Social Services","Anyone! Discover the many benefits of Canadian citizenship, including the right to vote, access to a Canadian passport, and the freedom to live and work anywhere in the country.","<p id=""""><strong id="""">Citizenship Applications: </strong>To become a Canadian citizen, you must, be a permanent resident, have lived in Canada for 3 out of the last 5 years, have filed your taxes, if you need to, prove your language skills, pass a citizenship test, take the oath of citizenship</p><p id=""""><strong id="""">Citizenship Refusals: </strong>A Citizenship Application can be refused for many reasons including:</p><ul id=""""><li id="""">&nbsp;Incomplete Documentation:</li><li id="""">Residency Requirements</li><li id="""">Language Proficiency&nbsp;</li><li id="""">Criminality</li><li id="""">Financial Reasons</li><li id="""">Misrepresentation.</li></ul><p id=""""><strong id="""">Citizenship Certificate: </strong>A Canadian citizenship certificate is a document that proves that a person is a Canadian citizen. The citizenship certificate is an 8½ x 11 paper size certificate that contains, your certificate number, your Unique Client Identifier, your name, your date of birth, your gender, your effective date of Canadian citizenship</p><p id="""">Before February 1, 2012, IRCC issued plastic wallet sized citizenship cards as proof of citizenship. These cards came with commemorative certificates. The commemorative certificates cannot be used as proof of citizenship.</p><p id="""">‍</p>","hsla(211.11111111111114, 41.64%, 78.52%, 0.51)",black
Express Entry,express-entry,678ac5eeb7228a1983bb105b,6731853a717a6e7dbc671f5c,678b2ac3d116cd9747512b74,Sat Jan 18 2025 04:14:59 GMT+0000 (Coordinated Universal Time),Sun Jan 19 2025 23:51:12 GMT+0000 (Coordinated Universal Time),Tue Jan 21 2025 00:19:40 GMT+0000 (Coordinated Universal Time),https://cdn.prod.website-files.com/6731853a717a6e7dbc671f64/678b292b5ff93824f8f8c9c1_passport-933051_1280.jpg,"<p id="""">The Express Entry process offers a straightforward and efficient pathway to permanent residency. It starts by creating an online profile and obtaining a Comprehensive Ranking System (CRS) score. Candidates with top scores are invited to apply for permanent residency. With its organized steps and quick processing times, the Express Entry system ensures a seamless transition to life in Canada.</p><p>We also offer the <strong id="""">Canadian Experience Class. It</strong><strong> </strong>Is an immigration category that allows foreign workers or recently graduated international students working in Canada to apply for permanent residence.</p>",Express Entry," The Express Entry system is a highly efficient and popular immigration pathway in Canada, aimed at attracting skilled workers who can contribute to the nation’s economic growth. This points-based system provides qualified candidates with a streamlined and expedited process to obtain permanent residency, making it one of the fastest routes to settling in Canada.",,What is this program about?,Benefits of Program,,"Express Entry is an online platform that oversees applications for three key economic immigration programs: the Federal Skilled Worker Program, the Federal Skilled Trades Program, and the Canadian Experience Class.","Express Entry provides numerous benefits for skilled workers aiming for permanent residency in Canada. With processing times as short as six months, it is one of the fastest immigration pathways available. The program offers a transparent and efficient route to permanent residency, granting you the freedom to live, work, and study anywhere in Canada.",,"<p id="""">&nbsp;Is an electronic system to manage applications for these immigration programs:</p><ul id=""""><li id="""">The Federal Skilled Worker Program</li><li id="""">The Federal Skilled Trades Program</li><li id="""">The Canadian Experience Class or</li><li id="""">A portion of the provincial nominee program.</li><li id="""">Federal Skilled Worker</li></ul><p id="""">The Express Entry process offers a straightforward and efficient pathway to permanent residency. It starts by creating an online profile and obtaining a Comprehensive Ranking System (CRS) score. Candidates with top scores are invited to apply for permanent residency. With its organized steps and quick processing times, the Express Entry system ensures a seamless transition to life in Canada.</p><p>Express Entry offers remarkable flexibility, allowing you to apply from anywhere in the world and include your family members in your application. Additionally, being part of the Express Entry pool increases your visibility to Canadian employers, boosting your chances of receiving a job offer and further strengthening your pathway to permanent residency.</p>",#2a5d69,white
Family Sponsorship,family-sponsorship,678ac5eeb7228a1983bb105b,6731853a717a6e7dbc671f5c,678adcd0c0661b4e0cb52357,Fri Jan 17 2025 22:42:24 GMT+0000 (Coordinated Universal Time),Sat Jan 18 2025 02:37:35 GMT+0000 (Coordinated Universal Time),Sat Jan 18 2025 03:07:44 GMT+0000 (Coordinated Universal Time),https://cdn.prod.website-files.com/6731853a717a6e7dbc671f64/678ada1bf8a9012c02dc2f55_family%20reunification%201%20(1).jpg,"<p id=""""><strong id="""">What is this program about?</strong></p><p>The Family Sponsorship program is a Canadian immigration pathway that enables citizens and permanent residents to bring their eligible family members to Canada as permanent residents. This program allows you to sponsor your spouse, common-law partner, dependent children, parents, and other qualifying relatives, providing them with the opportunity to reunite with you and enjoy the many benefits of living in Canada.</p><p id=""""><strong id="""">Benefits of Program</strong></p><p>The Family Sponsorship program offers Canadian citizens and permanent residents the opportunity to reunite with their loved ones in Canada. By sponsoring eligible family members, you can help them settle in Canada as permanent residents, granting them the ability to live, work, and study while accessing healthcare, social services, and the chance to pursue Canadian citizenship. This program is designed to strengthen family connections and create a shared future in Canada.</p><p id=""""><strong id="""">Who can benefit?</strong></p><ul><li>Spouse or Common-Law Partner</li><li>Dependent Children</li><li>Parents and Grandchildren</li><li>Other Relatives</li></ul><p id="""">You can sponsor your spouse, partner or dependent children to become permanent residents of Canada. If you do, you must be able to:&nbsp;</p><ul id=""""><li>Support them financially</li><li>Make sure they don’t need social assistance from the government</li></ul>",Family Class Sponsorship,"Bringing your family together in Canada is a cherished milestone, and the Family Sponsorship program helps make it a reality. At Matallana Immigration Services, we recognize the significance of family connections and are committed to supporting you in reuniting with your loved ones. Our experienced team will guide you through each step of the sponsorship process, ensuring it is seamless and successful.",,What is this program about?,Benefits of Program,Who can benefit?,A Canadian immigration pathway that enables citizens and permanent residents to bring their eligible family members to Canada as permanent residents. ,Offers Canadian citizens and permanent residents the opportunity to reunite with their loved ones in Canada.,"Spouse or Common-Law Partner, Dependent Children, Parents and Grandchildren, Other Relatives","<p id="""">This program allows you to sponsor your spouse, common-law partner, dependent children, parents, and other qualifying relatives, providing them with the opportunity to reunite with you and enjoy the many benefits of living in Canada.</p><p id="""">By sponsoring eligible family members, you can help them settle in Canada as permanent residents, granting them the ability to live, work, and study while accessing healthcare, social services, and the chance to pursue Canadian citizenship. This program is designed to strengthen family connections and create a shared future in Canada.</p><p id="""">You can sponsor your spouse, partner or dependent children to become permanent residents of Canada. If you do, you must be able to:&nbsp;</p><ul id=""""><li id="""">Support them financially</li><li id="""">Make sure they don’t need social assistance from the government</li></ul>",#fff6ee,black
LMIA,lmia,678ac5eeb7228a1983bb105b,6731853a717a6e7dbc671f5c,678dd101097313ed68bed84b,Mon Jan 20 2025 04:28:49 GMT+0000 (Coordinated Universal Time),Mon Jan 20 2025 04:29:50 GMT+0000 (Coordinated Universal Time),Mon Jan 20 2025 04:29:50 GMT+0000 (Coordinated Universal Time),https://cdn.prod.website-files.com/6731853a717a6e7dbc671f64/678dcfbac329ca00a61568be_supermarket-949913_1280.jpg,<p>The Labour Market Impact Assessment (LMIA) is an essential document that Canadian employers must secure before employing foreign workers. Its primary purpose is to confirm that hiring international talent will not adversely affect the Canadian labor market and that no qualified Canadians are available to fill the position.</p>,Labor Market Impact Assessment (LMIA),The Labour Market Impact Assessment (LMIA) is an essential document that Canadian employers must secure before employing foreign workers. Its primary purpose is to confirm that hiring international talent will not adversely affect the Canadian labour market and that no qualified Canadians are available to fill the position.,,What is this program about?,Benefits of the Program,Who is Eligible for the Program?,A Labour Market Impact Assessment (LMIA) is a document that an employer in Canada must usually get before hiring a foreign worker. A positive LMIA will show that there is a need for a foreign worker to fill the job and that no Canadian worker can do the job. A positive LMIA is sometimes called a Confirmation letter.,The LMIA serves to protect the Canadian workforce by ensuring that all efforts have been made to hire locally before seeking international candidates. It is a key step in the process of employing foreign workers in Canada.,"Canadian employers looking to hire foreign workers typically need to obtain an LMIA for positions across various industries, including healthcare, agriculture, construction, and technology, where skilled labor shortages may exist. For foreign nationals, an LMIA is often a key requirement when applying for temporary work permits, as it provides the necessary authorization to work in Canada.","<p id=""""><strong id="""">Types of LMIA</strong></p><p id="""">The Labour Market Impact Assessment (LMIA) comes in various categories, tailored to the type of job and wage level. Each type has specific requirements, and choosing the right path is essential for successful hiring.</p><h5 id="""">1. High-Wage Positions</h5><ul id=""""><li id="""">Applies to jobs where the wage offered is above the median wage for the province or territory.</li><li id="""">Employers must submit a <strong id="""">transition plan</strong>, outlining steps to reduce dependency on foreign workers over time.</li></ul><h5 id="""">2. Low-Wage Positions</h5><ul id=""""><li id="""">Covers jobs that pay below the median wage.</li><li id="""">Employers are subject to caps on the proportion of low-wage foreign workers they can hire.</li></ul><h5 id="""">3. Global Talent Stream (GTS)</h5><ul id=""""><li id="""">Part of the <strong id="""">Temporary Foreign Worker Program (TFWP)</strong>, this stream facilitates the rapid hiring of highly skilled foreign professionals.</li><li id="""">Commonly used for technology and specialized fields where local talent shortages exist.</li></ul><h5 id="""">4. Seasonal Agricultural Worker Program (SAWP)</h5><ul id=""""><li id="""">Designed for employers in the agriculture sector to hire foreign workers for seasonal roles.</li><li id="""">While it often bypasses the traditional LMIA process, employers must still meet similar requirements to address labor shortages.</li></ul><p id="""">Each stream addresses specific labor market needs, ensuring a balanced approach to employing foreign talent in Canada.</p><p id="""">‍</p>","hsla(211.11111111111114, 41.64%, 78.52%, 0.51)",black
Provincial Nominee Program (PNP),provincial-nominee-program-pnp,678ac5eeb7228a1983bb105b,6731853a717a6e7dbc671f5c,678b2f5a7f4eda27beef9895,Sat Jan 18 2025 04:34:34 GMT+0000 (Coordinated Universal Time),Sat Jan 18 2025 04:34:34 GMT+0000 (Coordinated Universal Time),Sat Jan 18 2025 04:34:34 GMT+0000 (Coordinated Universal Time),https://cdn.prod.website-files.com/6731853a717a6e7dbc671f64/678b2e7c26d9a31ac9885aa9_flag-472394_1280.jpg,"<p id="""">This program provides a tailored route to permanent residency, whether you’re a skilled worker, recent graduate, or entrepreneur, making it an excellent option for building your future in Canada.</p><p id="""">4o</p><p>‍</p>",Provincial Nominee Program,The Provincial Nominee Program (PNP) is a highly effective immigration pathway that enables provinces and territories to select candidates who align with their specific economic and labor market needs. ,,What is this program about?,Benefits of the Program,Who is Eligible for the Program?,"This program provides a tailored route to permanent residency, whether you’re a skilled worker, recent graduate, or entrepreneur, making it an excellent option for building your future in Canada.","The Provincial Nominee Program (PNP) offers a customized pathway to permanent residency, with faster processing times and expanded opportunities for individuals with specialized skills and experience. It is particularly beneficial for applicants who may not meet the criteria for federal immigration programs, providing a valuable alternative for achieving their goals in Canada.","Eligibility for the Provincial Nominee Program (PNP) is based on factors such as your skills, education, and work experience. Provinces and territories prioritize candidates like skilled workers, recent graduates, and entrepreneurs who can address their unique labor market demands.","<p id="""">This program allows provinces and territories to nominate candidates for immigration to Canada. Someone who is nominated for immigration to Canada by a provincial or territorial government that has a Provincial Nominee Program. Nominees have the skills, education and work experience needed to make an immediate economic contribution to the province or territory that nominates them.&nbsp;</p><p id="""">Every Canadian province and territory offers its own unique Provincial Nominee Program (PNP) streams tailored to meet specific labor market and demographic requirements. These include:</p><p id=""""><strong id="""">Skilled Worker Streams</strong>: For professionals with the expertise and experience needed to support the province’s economic growth.</p><p id=""""><strong id="""">International Graduate Streams</strong>: Designed to retain recent graduates from local educational institutions, encouraging them to contribute to the province’s workforce.</p><p id=""""><strong id="""">Business and Entrepreneur Streams</strong>: Targeting business professionals and investors looking to start or invest in businesses within the province.</p><p id=""""><strong id="""">Semi-Skilled and Low-Skilled Worker Streams</strong>: Addressing labor shortages in industries such as agriculture, construction, and hospitality.</p><p id="""">‍</p>","hsla(211.11111111111114, 41.64%, 78.52%, 0.51)",black
Refugee Program,refugee-program,678ac5eeb7228a1983bb105b,6731853a717a6e7dbc671f5c,678b33adf816e611d1ac9684,Sat Jan 18 2025 04:53:01 GMT+0000 (Coordinated Universal Time),Sat Jan 18 2025 04:53:01 GMT+0000 (Coordinated Universal Time),Sat Jan 18 2025 04:53:01 GMT+0000 (Coordinated Universal Time),https://cdn.prod.website-files.com/6731853a717a6e7dbc671f64/678b32a1e1f212fceb414a42_canadian-flag-1229484_1280.jpg,"<p>Canada is internationally renowned for its dedication to safeguarding refugees and providing a safe haven for those escaping persecution, violence, or life-threatening circumstances. Through its robust Refugee Program, Canada offers individuals and families the chance to rebuild their lives in a welcoming and secure environment, ensuring access to support and resources for a fresh start.</p>",Refugee Program,"Canada is internationally renowned for its dedication to safeguarding refugees and providing a safe haven for those escaping persecution, violence, or life-threatening circumstances. Through its robust Refugee Program, Canada offers individuals and families the chance to rebuild their lives in a welcoming and secure environment, ensuring access to support and resources for a fresh start.",,What is this program about?,Benefits of the Program,Who is Eligible for the Program?,A person who has applied for refugee protection status while in Canada and is waiting for a decision on his/her claim from the Immigration and Refugee Board of Canada.,"Canada’s Refugee Program provides vital protection and support, granting refugees access to permanent residency, healthcare, education, and a pathway to citizenship. This program empowers individuals and families to rebuild their lives in a secure and welcoming environment.","To qualify for Canada’s Refugee Program, you must meet one of the following criteria, Convention Refugee, Person in Need of Protection, Asylum Seekers","<p id=""""><strong id="""">Types of Refugee Streams</strong><br>Canada offers several refugee streams designed to address the diverse needs of those seeking protection and resettlement. These include:</p><p id=""""><strong id="""">Government-Assisted Refugees (GARs)</strong><br>Referred by organizations like the UNHCR or other designated agencies, these refugees receive financial and settlement support directly from the Government of Canada for up to one year after their arrival.</p><p id=""""><strong id="""">Privately Sponsored Refugees (PSRs)</strong><br>Private groups or organizations in Canada, often through sponsorship agreements, take on the responsibility of providing financial and emotional support to a refugee or refugee family during their first year in the country.</p><p id=""""><strong id="""">Blended Visa Office-Referred Refugees (BVORs)</strong><br>This stream combines government and private sponsorship. The Government of Canada offers financial assistance for the first six months, while private sponsors provide additional support for the remainder of the resettlement period.</p>",#fff6ee,black
Start-Up Visa,start-up-visa,678ac5eeb7228a1983bb105b,6731853a717a6e7dbc671f5c,678ac61298592678feceaccd,Fri Jan 17 2025 21:05:22 GMT+0000 (Coordinated Universal Time),Sat Jan 18 2025 03:04:29 GMT+0000 (Coordinated Universal Time),Sat Jan 18 2025 03:07:44 GMT+0000 (Coordinated Universal Time),https://cdn.prod.website-files.com/6731853a717a6e7dbc671f64/678ac60664271a1dcde03853_ai-generated-8656542_1280.jpg,"<h6 id=""""><strong id="""">What is this program about?</strong></h6><p id=""""><strong id="""">This Visa Program is a Canadian immigration pathway aimed at welcoming foreign entrepreneurs with the vision and ability to establish innovative businesses in Canada. These businesses should have the potential to generate jobs for Canadians and compete on a global stage.</strong></p><p id=""""><strong id="""">Benefits of the Program</strong></p><ul id=""""><li id=""""><strong id="""">Permanent Residency</strong></li><li id=""""><strong id="""">Support Businesses</strong></li><li id=""""><strong id="""">Business Opportunities</strong></li><li id=""""><strong id="""">Incentives and Tax Benefits</strong></li></ul><p id=""""><strong id="""">Who can benefit ?</strong></p><ul id=""""><li id=""""><strong id="""">Start-Up Founders</strong>‍<strong id="""">‍</strong></li><li id=""""><strong id="""">Entrepreneurs</strong>‍<strong id="""">‍</strong></li><li id=""""><strong id="""">Talent with Investment Support</strong>‍<strong id="""">‍</strong></li><li id=""""><strong id="""">Tech Innovators</strong></li></ul><p id=""""><strong id="""">The Start-Up Visa Program is a Canadian immigration pathway aimed at welcoming foreign entrepreneurs with the vision and ability to establish innovative businesses in Canada. These businesses should have the potential to generate jobs for Canadians and compete on a global stage. This program provides a straightforward route to permanent residency for entrepreneurs who secure backing from a designated Canadian organization, such as a venture capital fund, angel investor group, or business incubator.</strong><strong>‍</strong><strong id="""">‍</strong><strong> </strong></p><p id=""""><strong>‍</strong><strong id="""">A key requirement of the Start-Up Visa Program is obtaining support from a designated organization, such as a venture capital fund, angel investor group, or business incubator. These organizations assess your business idea and determine whether to issue a letter of support, which is a vital component of your application. This endorsement highlights the potential of your business to thrive in Canada. At Matallana Immigration Services, we assist you in identifying and connecting with the most suitable organizations, enhancing your chances of securing the necessary backing for a successful application.</strong><strong>‍</strong><strong id="""">‍</strong><strong>‍</strong></p><p id=""""><strong>‍</strong><strong id="""">Unlock the essentials for starting your entrepreneurial journey in Canada. Explore the qualifications needed for the Start-Up Visa Program, from presenting an innovative business concept to obtaining crucial backing from Canadian investors. With the right criteria met, you’ll be well on your way to bringing your vision to life and building your future in Canada.</strong></p>",Start-up Visa Immigration,"Canada’s Start-Up Visa Program offers a unique opportunity to establish your business and secure permanent residency in a country renowned for its innovation and support for entrepreneurs. At Matallana Immigration Services, we specialize in assisting visionary entrepreneurs like you to navigate this program, providing the guidance and expertise needed to transform your business ideas into a thriving reality in Canada.",,What is this program about?,Benefits of the Program,Who can benefit?,This Visa Program is a Canadian immigration pathway aimed at welcoming foreign entrepreneurs with the vision and ability to establish innovative businesses in Canada. These businesses should have the potential to generate jobs for Canadians and compete on a global stage.,"Permanent Residency, Support Businesses, Business Opportunities, Incentives and Tax Benefits","Start-Up Founders‍‍, Entrepreneurs‍‍, Talent with Investment Support‍‍, Tech Innovators","<p id="""">The Start-Up Visa Program is a Canadian immigration pathway aimed at welcoming foreign entrepreneurs with the vision and ability to establish innovative businesses in Canada. These businesses should have the potential to generate jobs for Canadians and compete on a global stage. This program provides a straightforward route to permanent residency for entrepreneurs who secure backing from a designated Canadian organization, such as a venture capital fund, angel investor group, or business incubator. </p><p id="""">A key requirement of the Start-Up Visa Program is obtaining support from a designated organization, such as a venture capital fund, angel investor group, or business incubator. These organizations assess your business idea and determine whether to issue a letter of support, which is a vital component of your application. This endorsement highlights the potential of your business to thrive in Canada. At Matallana Immigration Services, we assist you in identifying and connecting with the most suitable organizations, enhancing your chances of securing the necessary backing for a successful application.</p><p id="""">Unlock the essentials for starting your entrepreneurial journey in Canada. Explore the qualifications needed for the Start-Up Visa Program, from presenting an innovative business concept to obtaining crucial backing from Canadian investors. With the right criteria met, you’ll be well on your way to bringing your vision to life and building your future in Canada.</p>",#2a5d69,white
Student Study Permit,student-study-permit,678ac5eeb7228a1983bb105b,6731853a717a6e7dbc671f5c,678b359ac58038422371753a,Sat Jan 18 2025 05:01:14 GMT+0000 (Coordinated Universal Time),Sat Jan 18 2025 05:02:18 GMT+0000 (Coordinated Universal Time),Sat Jan 18 2025 05:02:18 GMT+0000 (Coordinated Universal Time),https://cdn.prod.website-files.com/6731853a717a6e7dbc671f64/678b3471ebd67462a8de9013_school-1974369_1280.jpg,<p>kljlkjm</p>,Student Study Permit,"Studying in Canada provides a unique and enriching experience, combining world-class education with a diverse and dynamic cultural environment. For international students, obtaining a Canadian study permit is a crucial step toward accessing the exceptional learning opportunities offered by Canada’s renowned institutions.",,What is this program about?,Benefits of the Program,Who is Eligible for the Program?,A study permit is an official document issued by the Canadian government that authorizes international students to pursue their education at a designated learning institution in Canada. ,"With a study permit, you can benefit from various work opportunities: On-Campus Work, Off-Campus Work, Co-op Programs","To qualify for a Canadian study permit, you must meet the following criteria: Acceptance, Proof of Financial Support, Intention to Leave, Medical and Security Checks","<p id="""">A document issued by IRCC that authorizes a foreign national to study at an educational institution in Canada for the duration of the program of study. It sets out conditions for the student such as:</p><ul id=""""><li id="""">Whether their travel within Canada is restricted and</li><li id="""">When they have to leave.</li></ul><p id="""">Discover the benefits of securing a Canadian study permit. It not only grants access to world-class education but also allows you to work part-time while studying, providing practical experience and financial support. A study permit offers invaluable international exposure and can serve as a gateway to future opportunities in Canada, including potential pathways to permanent residency.</p><p id="""">While it permits you to study and remain in the country for educational purposes, it is not a visa. To enter Canada, you may also need a visitor visa or an electronic travel authorization (eTA), depending on your nationality.</p><p id="""">Matallana Immigration Services is committed to supporting you throughout the study permit application process, making sure you successfully reach your educational aspirations in Canada.</p><p id="""">‍</p>",#2a5d69,white
Super Visa,super-visa,678ac5eeb7228a1983bb105b,6731853a717a6e7dbc671f5c,678db7208064ce7ba0b8de5d,Mon Jan 20 2025 02:38:24 GMT+0000 (Coordinated Universal Time),Mon Jan 20 2025 02:40:40 GMT+0000 (Coordinated Universal Time),Mon Jan 20 2025 02:40:40 GMT+0000 (Coordinated Universal Time),https://cdn.prod.website-files.com/6731853a717a6e7dbc671f64/678db1cd2e451b30c3f20448_family-8358014_1280.jpg,<p>asas</p>,Super Visa,"A Super Visa is a unique visa option designed for parents and grandparents of Canadian citizens and permanent residents. It allows extended stays in Canada of up to two years at a time without the need for status renewal. Unlike standard visitor visas, which typically permit stays of up to six months, the Super Visa offers families greater flexibility and the opportunity to spend meaningful, uninterrupted time together.",,What is this program about?,Benefits of the Program,Who is Eligible for the Program?,Parents and grandparents can visit their children or grandchildren for 5 years at a time with a super visa. It provides multiple entries for a period of up to 10 years.,"The Super Visa addresses the emotional and logistical challenges of frequent travel by providing a long-term solution for families. Unlike traditional visitor visas that require reapplication every six months, the Super Visa offers extended stays, reducing the need for constant paperwork and renewals, and allowing families to enjoy peace of mind and uninterrupted time together.","To qualify for a Super Visa, applicants must meet specific requirements, such as providing proof of their relationship to a Canadian citizen or permanent resident and demonstrating that their host in Canada has the financial means to support their stay.","<p id=""""><strong id="""">Super Visa Eligibility Requirements</strong></p><p id="""">To qualify for a Super Visa, applicants must meet the following key criteria:</p><p><strong>Relationship</strong>: Must be the parent or grandparent of a Canadian citizen or permanent resident.</p><p><strong id="""">Financial Support:</strong> The sponsor (child or grandchild) must meet the minimum income threshold and provide proof of their financial ability to support the applicant.</p><p><strong id="""">Medical Insurance:</strong> Provide proof of valid Canadian medical insurance coverage for at least one year, with a minimum coverage amount of $100,000.</p><p><strong id="""">Medical Examination:</strong> Undergo a medical exam, if required, to ensure compliance with Canada’s health standards for extended stays.</p><p><strong id="""">Letter of Invitation:</strong> Submit a written letter from your child or grandchild confirming their commitment to financially support you during your visit.</p><p id=""""><strong id="""">Benefits of the Super Visa</strong></p><p><strong id="""">Extended Stays:</strong> The Super Visa allows parents and grandparents to stay in Canada for up to two years per visit without needing to renew their status, unlike the standard visitor visa, which limits stays to six months.</p><p><strong id="""">Multiple Entries:</strong> This visa permits multiple entries over a period of up to 10 years, providing flexibility for families who wish to visit frequently.</p><p><strong id="""">Family Reunification:</strong> The program strengthens family bonds by enabling parents and grandparents to spend meaningful, extended time with their loved ones in Canada.</p><p id="""">‍</p>",#2a5d69,white
Visitor Visa,visitor-visa,678ac5eeb7228a1983bb105b,6731853a717a6e7dbc671f5c,678dadb7e9623272df90b780,Mon Jan 20 2025 01:58:15 GMT+0000 (Coordinated Universal Time),Mon Jan 20 2025 01:58:15 GMT+0000 (Coordinated Universal Time),Mon Jan 20 2025 01:58:15 GMT+0000 (Coordinated Universal Time),https://cdn.prod.website-files.com/6731853a717a6e7dbc671f64/678dac64e9623272df8fd5a4_passport-2642171_1280.jpg,"<p id="""">visitor-visa</p>",Visitor Visa,"A Canadian visitor visa, or Temporary Resident Visa (TRV), is a vital document for individuals planning a short-term visit to Canada, whether for tourism, family visits, or business purposes.",,What is this program about?,Benefits of the Program,Who is Eligible for the Program?,"Visitor Visa is a document issued to a foreign national who plans to go to Canada legally for a short period. Temporary residents include students, foreign workers and visitors, such as tourists.","A visitor visa provides travelers with the opportunity to explore Canada’s stunning landscapes, immerse themselves in its diverse culture, and spend quality time with family and friends. It opens the door to experiencing all that Canada has to offer.","To qualify for a Canadian visitor visa, you need to prove purpose of visit, financial proof, ties to home country, travel history, no criminal record.","<p id="""">A visitor visa, issued by Canadian immigration authorities, allows foreign nationals to enter Canada for temporary stays. It is intended for purposes such as tourism, family visits, or short-term business activities and outlines the terms and conditions of your stay, including its duration and any specific requirements to be followed.</p><p id=""""><strong id="""">Key Features of a Visitor Visa:</strong></p><ul id=""""><li id=""""><strong id="""">Purpose:</strong> Grants entry to Canada for specific reasons, such as leisure travel, visiting loved ones, or attending business events.</li><li id=""""><strong id="""">Duration:</strong> Typically allows short-term stays, ranging from a few weeks to several months, based on your application details.</li><li id=""""><strong id="""">Conditions:</strong> Requires adherence to the outlined terms, including the visit's purpose and permitted duration. Violations, such as overstaying, may affect future travel or immigration prospects.</li></ul><p id=""""><strong id="""">Types of Visitor Visas</strong></p><p id=""""><strong id="""">Single-Entry Visa</strong><br>Allows you to enter Canada one time. If you leave Canada, a new visa application is required for re-entry.</p><p id=""""><strong id="""">Multiple-Entry Visa</strong><br>Enables you to enter and exit Canada multiple times during the visa’s validity period, making it ideal for those planning frequent visits.</p><p id=""""><strong id="""">Transit Visa</strong><br>Designed for travelers passing through Canada on their way to another destination. This visa allows a short stay while awaiting a connecting flight.</p><p>‍</p>",#fff6ee,black
Work Permits,work-permits,678ac5eeb7228a1983bb105b,6731853a717a6e7dbc671f5c,678da24554301dead65b329b,Mon Jan 20 2025 01:09:25 GMT+0000 (Coordinated Universal Time),Mon Jan 20 2025 01:09:25 GMT+0000 (Coordinated Universal Time),Mon Jan 20 2025 01:09:25 GMT+0000 (Coordinated Universal Time),https://cdn.prod.website-files.com/6731853a717a6e7dbc671f64/678da12c760478a30e3f5d01_startup-849804_1280.jpg,"<p id="""">Obtaining a Canadian work permit is an essential step for individuals seeking to gain valuable work experience in one of the world’s most vibrant and opportunity-rich economies.</p><p>‍</p>",Work Permits,Obtaining a Canadian work permit is an essential step for individuals seeking to gain valuable work experience in one of the world’s most vibrant and opportunity-rich economies.,,What is this program about?,Benefits of the Program,Who is Eligible for the Program?,The work permit Is a document issued by IRCC that authorizes a person to work legally in Canada.,"A Canadian work permit offers numerous benefits, including the opportunity to gain valuable Canadian work experience, advance your career, and explore potential pathways to permanent residency. It serves as a gateway to professional growth and long-term opportunities in Canada.","To qualify for a Canadian work permit, you generally need to meet the following criteria, job offer, proof of qualifications, financial proof, medical and security checks and intent to leave","<p id="""">&nbsp;It sets out conditions for the worker such as:&nbsp;</p><ul id=""""><li>The type of work they can do,</li><li>The employer they can work for,</li><li>Where they can work, and</li><li>How long they can work.</li></ul><p id=""""><strong id="""">Types of Canadian Work Permits</strong></p><p id=""""><strong id="""">Employer-Specific Work Permit</strong><br>This permit is tied to a specific employer, job, and location. It typically requires a Labor Market Impact Assessment (LMIA) to demonstrate that hiring a foreign worker will not adversely affect the Canadian job market.</p><p id=""""><strong id="""">Open Work Permit</strong><br>Not restricted to a specific job or employer, this permit allows you to work for any employer in Canada. It is commonly issued to international students, spouses of skilled workers, or individuals awaiting permanent residency.</p><p id=""""><strong id="""">Post-Graduation Work Permit</strong><br>Designed for graduates of Canadian designated learning institutions, this permit enables them to work in Canada for up to three years, depending on the duration of their study program.</p><p id=""""><strong id="""">Intra-Company Transfer Permit</strong><br>This permit is for employees of multinational companies transferring to a Canadian branch. It does not require an LMIA but does have specific eligibility criteria that must be met.</p><p>‍</p>","hsla(211.11111111111114, 41.64%, 78.52%, 0.51)",black
